pdf_name,doc_type,category,subcategory,classification_confidence,source,text_sha256,text_chars,text_words,unique_words,euro_mentions,cig,cup,cig_mentions,cup_mentions,date_mentions,years_mentioned,importo_max,importo_sum,importi_count,accounting_relevant,missing_amount_expected,importo_lettere,piva_beneficiario,iban,codice_appalti,quadro_economico,anomalie
atto_12__5491_DecretoSindacale_Copia_12_2026_1.pdf,Decreto,Ambiente,,ambiguous,text,3ffe2f0724ca34540986925fb17f5188220cdafcc19d4d9e1c118b4180cc6649,3705,579,267,0,,,0,0,6,"2000,2025,2026",,,0,False,False,,,,,,
atto_13__5518_DecretoSindacale_Copia_13_2026_1.pdf,Decreto,Ambiente,,ambiguous,text,08e3db1796e0ea6f9d15609bfe6f8bae39ed55f25fc4aeb71b8e9b7b95b6ef2a,3974,614,256,0,,,0,0,6,"2000,2025,2026",,,0,False,False,,,,,,
atto_20__5055_DecretoSindacale_Copia_20_2025_1.pdf,Decreto,Ambiente,,ambiguous,text,a3f7f60e888ce71a313f53a7fbcb00fff9cba34200297a99b468d1dd12877468,3366,537,235,0,,,0,0,6,"2000,2023,2025,2026",,,0,False,False,,,,,,
atto_22__5697_OrdinanzeSindacali_Copia_22_2026_1.pdf,Ordinanza,Affari Generali,,ambiguous,text,d1b3ff1e8603b9a5241c9c9646d11ca3b0d1cd92f2f07050643dfef7097902d7,4543,711,361,0,,,0,0,6,2026,,,0,False,False,,,,,,
atto_28__5689_OrdinanzeSindacali_Copia_21_2026_1.pdf,Ordinanza,Affari Generali,,ambiguous,text,d39968a2aec46add0ac17f96365102e6591d4a16712c0596783a25833916aa4f,4895,790,368,0,,,0,0,6,"2013,2026",,,0,False,False,,,,,,
atto_32__4994_OrdinanzeSindacali_Copia_32_2025_1.pdf,Ordinanza,Lavori Pubblici,,ambiguous,text,816d9223ea3602898db8e4a93d71b76a2a24de420a30b07a766ebbf1e3902590,3571,557,216,0,,,0,0,6,"2000,2025,2026",,,0,False,False,,,,,,
atto_5__5444_OrdinanzeDirigenziali_Copia_5_2026_1.pdf,Decreto,Affari Generali,,ambiguous,text,bc299939fde044e929af319de188c95e4bb384ccd35a10f5a2621a65ddcb8449,5299,833,386,0,,,0,0,6,"2000,2026",,,0,False,False,,,,,,
atto_6__5445_OrdinanzeDirigenziali_Copia_6_2026_1.pdf,Decreto,Affari Generali,,ambiguous,text,9ea268de161042204543d007814c3fd3bffee99228fcdcf127789ffeead725ec,5462,858,395,0,,,0,0,6,"2000,2026",,,0,False,False,,,,,,
atto_6__5500_OrdinanzeDirigenziali_Copia_7_2026_1.pdf,Decreto,Affari Generali,,ambiguous,text,fb666143bfdbbec715a5ea976b73b240354f8b3fba6d17c8d072995eab33fda2,5578,899,399,0,,,0,0,6,"2000,2013,2026",,,0,False,False,,1682740558.0,,,,
atto___5301_INTEGRAZIONE_CONSIGLIO_COMUNAL_1772441468_1.pdf,unknown,Affari Generali,,ambiguous,text,5504d2c9f45bb9792ac0e3f3843d89cc932f7828b5e375da5143ef561162661b,765,120,69,0,,,0,0,1,2026,,,0,False,False,,,,,,
Avviso_198__5394_DeterminaGenerica_Copia_198_2026_1.pdf,Determinazione,Cultura e Turismo,,ambiguous,text,88537de33bb58b0702fc88ee504347043f7ebe708de16c80f6c2ecb0b27bb0d0,12740,2007,581,4,RICHIAMATO,J23G23000020004,4,2,10,"2000,2010,2011,2013,2017,2020,2023,2024,2026",97600.0,257740.0,4,True,False,,,,36/2023,,
Avviso_1__5084_Modello_A_Avella_1_2.pdf,Avviso,Affari Generali,Bando,ambiguous,text,11c212feaa48ff7e396f920396ec9f409348997bbf75610b46409f8b9147300a,32576,4760,1460,41,,,0,0,1,"2025,2026",40000.0,145592.564,24,True,False,quarantamila,,,,,
Avviso_362023__5641_Carta_intestata_Avviso_Appalto_1778764496_1.pdf,Avviso,Ambiente,,ambiguous,text,7d7bc8763caac7ea992e85f091c973fce197358d0a27a7b6352c87fddaa949bd,10311,1603,407,16,,,0,1,10,"2023,2025,2026",1117481.37,20090.0,3,True,False,,,,36/2023,,
Avviso_383__5694_DeterminaGenerica_Copia_383_2026_1.pdf,Determinazione,Cultura e Turismo,Bando,ambiguous,text,59904fd514b208a56442de33f88f1fa1af3d6c4bf606cd7f63b7d0d5959c20d0,4654,711,301,0,,,0,0,9,"2000,2024,2026",,,0,True,True,,,,,,
Avviso___5252_Prot_Par_0000839_del_18-02-202_1771489017_3.pdf,Avviso,Affari Generali,,ambiguous,text,e78504154f5deaab36090d88383f6cb04455e970993825011b5288286ad1b855,2454,388,192,0,,,0,0,1,"2023,2026,2028",,,0,False,False,,,,36/2023,,
Avviso___allegato1767355975_1.pdf,Avviso,Contenzioso,,ambiguous,text,39ad44be6e363320e0add3b2410711290e0c62b3f59e0c90bc24bb830a56ee7b,872,140,90,0,,,0,0,5,"2005,2025,2026",,,0,False,False,,,,,,
Bando_8__5132_allegato_B_4.pdf,Bando,Cultura e Turismo,Bando,ambiguous,text,2d4d986d7241adfac6235cb2e09c2ce2443ee17facd2867e2ab69205854da75c,5728,527,274,6,,,0,0,0,2025,,,0,True,True,,,,,,
Delibera_20__5667_tabellaparametri_ente_strutt-_defic7277_8.pdf,Delibera,Contabilità,,ambiguous,text,4b1ed01609d2260c47ac78abbec299508936135749ba5b9d7d8942543ea8b4cb,1455,226,130,0,,,0,0,0,2025,,,0,True,True,,,,,,
Delibera_26_2028_5237_Stampa_parametri_ente_deficitario_22028_6.pdf,Delibera,Contabilità,,ambiguous,text,a9794b657cf675e780d63ed90e98c3e72f0c1d02ec6bb31031c850d8b6a1dc2d,1508,233,140,0,,,0,0,1,"2026,2028",,,0,True,True,,,,,,
Delibera_37__5362_Piano_delle_performance_Comune_di_A2026_2.pdf,Delibera,Contenzioso,,ambiguous,text,c585fabdc889b2f23c2c2ad4c5e0f6f416c307e0acc498e24b7d068260663067,20540,2860,507,0,,,0,0,0,"2013,2018,2023,2024,2025,2026",,,0,True,True,,,,,,
Delibera_39__4952_verbale_del_revisore_su_proposta_di-_41_3.pdf,Delibera,Affari Generali,Variazione di Bilancio,ambiguous,ocr,3d6e14f9ef8dea55e7bb56c721f349e007d4a29f0a5b35d04484e39280acb2df,4167,714,275,3,,,0,0,6,"2000,2011,2024,2025,2027",252210.16,262733.66000000003,2,True,False,,,,,,
Delibera_60__allegato1770900632_3.pdf,Delibera,Affari Generali,Bando,ambiguous,text,0d4fcbbefbc3f5f6c299b613abf1f55347eb14ca5357747af8a30969c121cc2e,13827,2070,574,1,,J44D25003290007,0,2,0,"2021,2024,2025,2026,2027",200500.0,200500.0,1,True,False,,,,,,
Delibera_60__allegato1770900640_4.pdf,Delibera,Affari Generali,,ambiguous,text,cd01466a93f0f9e20d54b3e3e08a0ee563b87620c428b4f74e1c9a77b7cf7ed5,3448,522,216,0,,J44D25003290007,0,1,0,"2021,2024,2026,2027",,,0,True,True,,,,,,
Delibera_68__5640_AttestazionePubblicazione_2.pdf,AttestazionePubblicazione,Contenzioso,,ambiguous,text,482c32bf805a5e13aed3559de4087ae1c4095c9e473fc680acee1efb8e6c6f23,773,120,83,0,,,0,0,3,"2000,2026",,,0,False,False,,,,,,
Determinazione_10__5075_DeterminadiLiquidazione_Copia_10_2026_1.pdf,Determinazione,Contabilità,Liquidazione,ambiguous,text,01e41af2a92b75c2c6dfd359b9de13da26f59601823d7640508150bf4a5e059a,11160,1803,610,11,B12A6AAF0E,,4,1,11,"2000,2001,2006,2010,2023,2024,2025,2026",1798.65,1798.65,3,True,False,,3543000370.0,,36/2023,,
Determinazione_120__5267_DeterminadiImpegno_Copia_120_2026_1.pdf,Determinazione,Affari Generali,Nomina,ambiguous,text,a4b135eb93bf71cd61cc721a3a759f5f85223baa8d902eda456e9c7f0b47da55,10979,1743,499,6,,J27B23000010001,1,4,14,"2000,2016,2022,2023,2024,2025,2026",498552.0,166440.66999999998,5,True,False,,,,36/2023,,
Determinazione_121__5268_DeterminadiImpegno_Copia_121_2026_1.pdf,Determinazione,Affari Generali,Nomina,ambiguous,text,ae5b382c55883520f738562cd8c532bc020d436539f04ee0ddb1f72e68c90c63,10864,1731,498,6,,J27B23000020001,1,4,14,"2000,2016,2022,2023,2024,2025,2026",544846.5,147756.22,5,True,False,,,,36/2023,,
Determinazione_130__5276_DeterminadiImpegno_Copia_130_2026_1.pdf,Determinazione,Affari Generali,Nomina,ambiguous,text,11ce7caa849f35a45ae7a95d0f218a045f3ea6ac1e1498eaaa9d0d7e6be2f880,10197,1650,516,10,,J24H20001270001,1,3,13,"2000,2009,2015,2016,2018,2020,2021,2022,2023,2025,2026",750000.0,2582726.37,9,True,False,,,,50/2016,,
Determinazione_158__5324_DeterminadiLiquidazione_Copia_158_2026_1.pdf,Determinazione,Affari Generali,Liquidazione,ambiguous,text,6a3ec178a71c2326ad39249e7fc4473cbe0c007f06794b4479192f0acc982276,11122,1826,549,12,BA8F96D9D7,,4,2,10,"2000,2009,2011,2012,2013,2023,2025,2026",4931.4,24657.0,12,True,False,,10677621210.0,,36/2023,,
Determinazione_232__5213_DeterminadiLiquidazione_Copia_100_2026_1.pdf,Determinazione,Contabilità,Liquidazione,ambiguous,text,3c598b48c41b651a91dcc56b156a8bfb8b75340deaa4377f1dbe7ecff07bd9d0,8921,1432,471,3,,,1,1,14,"2000,2012,2016,2021,2024,2025,2026",18000.0,18000.0,3,True,False,,234558.0,,50/2016,,Partita IVA 00000234558 formalmente errata (Checksum fallito)
Determinazione_232__5472_DeterminadiLiquidazione_Copia_232_2026_1.pdf,Determinazione,Contabilità,Liquidazione,ambiguous,text,9ccc230bf024094ecc2a7ace561524a3e2d180da3e374dd2a7bc509425d68c17,12314,1973,587,12,A0135771B6,J27B23000020001,2,3,13,"2000,2001,2010,2013,2014,2016,2021,2022,2023,2024,2025,2026",498552.0,63376.0,12,True,False,,234552.0,,36/2023,,Partita IVA 00000234552 formalmente errata (Checksum fallito)
Determinazione_240__5471_DeterminadiLiquidazione_Copia_240_2026_1.pdf,Determinazione,Contabilità,Liquidazione,ambiguous,text,78c59b9cadda34830da4f03193dc74443ff162eb103fed88ae1e5b6348131e3c,12200,1959,605,9,BA30E71574,,5,1,10,"2000,2001,2010,2023,2025,2026,2027,2028",19000.0,19000.0,3,True,False,,5892970152.0,,36/2023,,
Determinazione_249__5488_DeterminadiImpegno_Copia_249_2026_1.pdf,Determinazione,Affari Generali,,ambiguous,text,f36dd06618faf8978feeb1694ad3153a5e2d079f011102a51c7cd6adf0b51504,6195,1026,392,5,BB3EB69F1F,,2,1,10,"2000,2023,2025,2026",3780.0,6093.3,5,True,False,,488410010.0,,36/2023,,
Determinazione_263__5507_DeterminadiLiquidazione_Copia_263_2026_1.pdf,Determinazione,Contabilità,Liquidazione,ambiguous,text,b62887245cbf4f21e72b6e47e38970496ac8694c9624277781b5897619c94b06,12217,1958,603,9,BA30E71574,,5,1,10,"2000,2001,2010,2023,2025,2026,2027,2028",16102.27,16102.27,3,True,False,,5892970152.0,,36/2023,,
Determinazione_308__5577_DeterminadiImpegno_Copia_308_2026_1.pdf,Determinazione,Personale,,ambiguous,text,e8de6a643e1ec84f42f91de3d4b04e55d470e84cfba32451928e89ab2e121e6d,14199,2261,688,11,BB7DC0322B,,3,1,11,"2000,2006,2009,2010,2011,2013,2014,2022,2023,2025,2026",770.0,7940.0,7,True,False,,6342650659.0,,36/2023,,
Determinazione_32__5107_DeterminadiImpegno_Copia_32_2026_1.pdf,Determinazione,Affari Generali,,ambiguous,text,55a1cd3c0b85556880969c5e80256f37ca2f5e03b1825b421298ec611002245e,25467,4116,1060,19,B97F43CECD,J25E24000230006,3,5,15,"2000,2009,2010,2011,2012,2013,2014,2020,2021,2022,2023,2024,2025,2026,2028",515481082.75,519185192.75,18,True,False,,7015691210.0,,36/2023,,
Determinazione_352__5644_DeterminadiLiquidazione_Copia_352_2026_1.pdf,Determinazione,Contabilità,Liquidazione,ambiguous,text,d63f4d98061fb4fe29308559e2098e4665d055e078814573269e332dda2ee4dd,12164,1952,595,9,BA30E71574,,5,1,10,"2000,2001,2010,2023,2026,2027,2028",15199.55,15199.55,3,True,False,,5892970152.0,,36/2023,,
Determinazione_362023__5010_DeterminadiLiquidazione_Copia_736_2025_1.pdf,Determinazione,Ambiente,Liquidazione,ambiguous,text,5fae7ce1705fcaa85f7d469dc0c1712750808f3d21e87ff08ac546e538e8e072,13039,2134,535,17,B6752D8EE4,,2,1,10,"2000,2009,2010,2011,2012,2013,2016,2023,2025,2026,2027",75000.0,385576.91,18,True,False,,3136160649.0,,36/2023,,
Determinazione_362023__5257_DeterminaaContrarre_Copia_117_2026_1.pdf,Determinazione,Affari Generali,,ambiguous,text,09418570615052d2e62519ec30b2b6d9ec007e7b467432ab0aba03f8f0349295,13381,2188,636,14,BA30E71574,,7,1,10,"2000,2001,2006,2010,2023,2025,2026,2027",12000.0,12000.0,3,True,False,,5892970152.0,,36/2023,,
Determinazione_362023__5591_DeterminadiLiquidazione_Copia_322_2026_1.pdf,Determinazione,Ambiente,Liquidazione,ambiguous,text,b558f7bf0ef4266fdaa24a17eb97d32554cc5d474c5a8cd92f377620acb246b1,11489,1866,504,9,B6752C3D90,,1,1,10,"2000,2009,2010,2011,2012,2013,2016,2023,2025,2026,2027",60000.0,216000.0,7,True,False,,3143860645.0,,36/2023,,
Determinazione_362023__5616_DeterminadiLiquidazione_Copia_330_2026_1.pdf,Determinazione,Affari Generali,Liquidazione,ambiguous,text,e7e7dcac09cc1a99a2c341faedd841cb3b8ba1038a1875b8fec3b319f58e4e5b,16317,2722,646,34,B5F4BB8D89,J25E24000150006,3,2,11,"2000,2012,2019,2020,2022,2023,2024,2025,2026",690911.48,5130245.19,32,True,False,,2737970646.0,,36/2023,,
Determinazione_391__allegato1780482506_4.pdf,Determinazione,Cultura e Turismo,,ambiguous,text,414c173a032016fb5e04a356bed8efe8f8ed779ff4723159cb47755269e3324e,2337,347,159,0,,,0,0,2,"2000,2017,2023,2026,2027",,,0,True,True,,,,36/2023,,
Determinazione_3__5070_DeterminadiLiquidazione_Copia_3_2026_1.pdf,Determinazione,Contabilità,Liquidazione,ambiguous,text,504ac612180a9c6832e5965f86cd03cd276b996becbdce33b31fae0745818d1a,11295,1824,612,11,B12A6AAF0E,,4,1,11,"2000,2001,2006,2010,2023,2024,2025,2026",2428.89,2428.89,3,True,False,,3543000370.0,,36/2023,,
Determinazione_44__5129_DeterminaGenerica_Copia_44_2026_1.pdf,Determinazione,Personale,,ambiguous,text,f6a9dedda50d0e5121d8c145ee9ca5200a23235ec611114dd50a2a1e66bd0d48,11545,1801,640,0,,,0,0,15,"2000,2001,2009,2011,2012,2014,2019,2021,2022,2026",,,0,True,True,,,,,,
Determinazione_702__4958_DeterminadiLiquidazione_Copia_702_2025_1.pdf,Determinazione,Contabilità,Liquidazione,ambiguous,text,b0d64f718de7efdcecc0c9c6e40ee6c097263e269d5ab006cb17ec5fb228ccfb,11206,1806,610,11,B12A6AAF0E,,6,1,11,"2000,2001,2006,2010,2023,2024,2025",3210.39,3210.39,3,True,False,,3543000370.0,,36/2023,,
Determinazione___4977_DeterminadiImpegnoeLiquidazione_Cop2025_1.pdf,Determinazione,Contabilità,Liquidazione,ambiguous,text,d3e2ebd2a6fd6520fd63aef40237b7e7bace3e27808bbd5f738090c91b82080b,8778,1425,478,13,,,1,1,10,"2000,2012,2016,2021,2023,2024,2025",5000.0,40000.0,10,True,False,,,,36/2023,,
Ordinanza_3__5393_OrdinanzeDirigenziali_Copia_3_2026_1.pdf,Ordinanza,Ambiente,,ambiguous,text,4a91b883c88a64e278654dd33c063ceeaeb7db3e0282863220bba8e75309b71a,6427,1068,426,0,,,0,0,9,"2001,2010,2024,2025,2026",,,0,False,False,,,,,,
atto_1__Vai_2.php,Decreto,Regolamenti,Bando,ambiguous,text,fa414edeac0422f11ac1a2ce3bd6e51392686284a45ae5696160a556085bfb9b,1450,242,139,0,,,0,0,2,"2000,2002,2025",,,0,False,False,,,,,,
atto_2072024__Vai_3.php,AttestazionePubblicazione,Contenzioso,,ambiguous,text,223052e1889e654587cabe31ad374ade79190db4a09759451aeb31736efa5296,774,123,87,0,,,0,0,3,"2000,2024,2025,2027",,,0,False,False,,,,,,
atto_2672000__Vai_3.php,Delibera,Contabilità,,ambiguous,text,828345389339fb1af6e43acd6373f888ad4d341993927b7e95dedbeb16c4ec5e,29736,5160,1101,6,,,0,0,6,"2000,2006,2011,2016,2019,2020,2023,2024,2025,2026,2027,2028",2503119.99,35455720.1,9,True,False,,,,,,
atto_3__Vai_1.php,Decreto,Pubblicazione e Trasparenza,,ambiguous,text,fcd47eb944a115997d4a7c097d1205f6357a9ba0ba75cf3f791d2186741c3ef2,930,139,93,0,,,0,0,1,2025,,,0,False,False,,,,,,
Avviso___Vai_3.php,Avviso,Affari Generali,Bando,ambiguous,text,d0d29810490c257d44d10f85d1980e2408bb698eeedec455e80ed28dd50f0178,5485,822,353,13,,,0,0,0,"2000,2003,2013,2016,2025,2026",7.0,7.0,3,True,False,,,,,,
